Estimator_Model,Estimated_ATT,True_ATT,Absolute_Error,Absolute_Error_Pct,Standard_Error,p_value,Status
Ground-Truth ATT (Benchmark),6.765373381365011,6.765373381365011,0.0,0.0,0.0,0.0,TRUE BENCHMARK
Two-Way Fixed Effects (TWFE) DiD,2.7049481872754564,6.765373381365011,4.060425194089555,60.01775460425963,50.63046485270328,0.9573948568553643,PRIMARY ESTIMATOR
Synthetic Control (Convex Donors),54.20221866220503,6.765373381365011,47.43684528084002,701.1711343457138,175.7592971759527,0.3333333333333333,SYNTHETIC CONTROL
Refutation: Placebo Treatment Date,-49.732093201185,0.0,49.732093201185,0.0,42.45490964610807,0.24153561652180566,FALSIFICATION DIAGNOSTIC
TWFE DiD - Decile D01,109.438,100.7777,8.660300000000007,8.593468594738724,113.5348,0.335484793443211,DECIDILE HETEROGENEITY
TWFE DiD - Decile D02,15.1664,69.2578,54.09140000000001,78.10152791454537,20.6814,0.463646891277544,DECIDILE HETEROGENEITY
TWFE DiD - Decile D03,-37.8618,62.8862,100.748,160.20684983350878,27.1093,0.16305042271971515,DECIDILE HETEROGENEITY
TWFE DiD - Decile D04,36.5833,70.7435,34.160199999999996,48.28740449652618,14.4536,0.011631732498702974,DECIDILE HETEROGENEITY
TWFE DiD - Decile D05,27.3153,82.5215,55.2062,66.89917173100343,60.5257,0.6519400108037643,DECIDILE HETEROGENEITY
TWFE DiD - Decile D06,42.3369,78.1424,35.805499999999995,45.82083478367698,21.0878,0.04513907681827933,DECIDILE HETEROGENEITY
TWFE DiD - Decile D07,67.3271,85.5386,18.2115,21.290388199011907,19.2531,0.0005062546100349508,DECIDILE HETEROGENEITY
TWFE DiD - Decile D08,47.3288,89.7753,42.4465,47.280822230613545,21.2397,0.026237337839524644,DECIDILE HETEROGENEITY
TWFE DiD - Decile D09,-85.5025,-42.1864,43.3161,102.67787723057668,27.9976,0.002361010567706101,DECIDILE HETEROGENEITY
TWFE DiD - Decile D10,-73.5335,-66.3553,7.178200000000004,10.817824650027962,155.7434,0.6369986128068916,DECIDILE HETEROGENEITY
